titulo,url_nota,url_descarga,consultado
Precipitaciones Acumuladas &#8211; mes de septiembre de 2026,https://cedei.produccion.chaco.gov.ar/2026/10/02/precipitaciones-acumuladas-mes-de-septiembre-de-2026/,,2026-10-07T12:12:19.657606
Precipitaciones Acumuladas &#8211; mes de agosto de 2026,https://cedei.produccion.chaco.gov.ar/2026/09/01/precipitaciones-acumuladas-mes-de-agosto-de-2026/,,2026-10-07T12:12:19.657619
Precipitaciones Acumuladas &#8211; 1 de agosto 2026,https://cedei.produccion.chaco.gov.ar/2026/08/01/precipitaciones-acumuladas-1-de-agosto-2026/,,2026-10-07T12:12:19.657621
Precipitaciones Acumuladas &#8211; mes de julio 2026,https://cedei.produccion.chaco.gov.ar/2026/08/01/precipitaciones-acumuladas-mes-de-julio-2026/,,2026-10-07T12:12:19.657624
Precipitaciones Acumuladas 30 al 31 de Julio de 2026,https://cedei.produccion.chaco.gov.ar/2026/07/31/precipitaciones-acumuladas-30-al-31-de-julio-de-2026/,,2026-10-07T12:12:19.657626
Acumulado de Precipitaciones del 20 al 21 de Julio 2026,https://cedei.produccion.chaco.gov.ar/2026/07/29/acumulado-de-precipitaciones-del-20-al-21-de-julio-2026/,,2026-10-07T12:12:19.657628
Precipitaciones Acumuladas &#8211; 20 de Julio 2026,https://cedei.produccion.chaco.gov.ar/2026/07/28/precipitaciones-acumuladas-20-de-julio-2026/,,2026-10-07T12:12:19.657630
Informe precipitaciones del mes de mayo 2026,https://cedei.produccion.chaco.gov.ar/2026/07/01/informe-precipitaciones-del-mes-de-mayo-2026-2/,,2026-10-07T12:12:19.657635
Informe precipitaciones del mes de mayo 2026(tabla),https://cedei.produccion.chaco.gov.ar/2026/06/09/informe-precipitaciones-del-mes-de-mayo-2026tabla/,,2026-10-07T12:12:19.657638
Informe precipitaciones del mes de mayo 2026,https://cedei.produccion.chaco.gov.ar/2026/06/09/informe-precipitaciones-del-mes-de-mayo-2026/,,2026-10-07T12:12:19.657640
